{"Accuracy": 0.45307830245068736, "F1-Score": 0.42825712933467225}