{"Accuracy": 0.46172248803827753, "F1-Score": 0.4404065503339959}