{"test_r2_score": 0.16085717880750294, "accuracy_score": 0.40559166211766673}