{"test_r2_score": 0.12933826429134476, "accuracy_score": 0.41221406726269205}