{"Accuracy": 0.4694976076555024, "F1-Score": 0.44788840929744095}