{"Accuracy": 0.45868263473053894, "F1-Score": 0.4336881066144041}