{"test_r2_score": 0.1441853292764952, "accuracy_score": 0.41214001358733}